"""country_name"",""country_text_id"",""country_id"",""year"",""v2x_polyarchy"",""v2x_regime"",""e_boix_regime"",""e_polity2"",""e_regionpol"",""e_regionpol_6C"",""dir_crim"",""ind_crim"",""gmc"",""gmcpr"",""gmcphys"",""gmcpsych"",""gmcdiv"",""nb3g"",""adp_general"",""adp_constitution"",""adp_employment"",""adp_education"",""adp_healthcare"",""adp_housing"",""trip_score"",""trip_percent"",""wb_gdppc"",""lgdppc_wb"",""religiosity_percent"",""no_dircrim"",""no_indcrim"",""nophys"",""nopsych"",""nodiv"""
"Mexico,""MEX"",3,2019,0.671,2,1,NA,2,2,0,0,0,2,2,2,2,0,0,0,0,0,0,0,2,0.15384615957737,10145.1701829207,9.22475337982178,0.944000005722046,1,1,0,0,0"
"Suriname,""SUR"",4,2019,0.756,2,1,NA,10,2,0,0,0,2,2,2,2,0,0,0,0,0,0,0,2,0.15384615957737,6690.04478601228,8.80837631225586,0.938799977302551,1,1,0,0,0"
"Sweden,""SWE"",5,2019,0.905,3,1,NA,5,5,0,0,1,1,0,1,0,0,1,0,1,1,1,1,10,0.769230782985687,51939.4297445291,10.8578338623047,0.711999952793121,1,1,1,0,1"
"Switzerland,""CHE"",6,2019,0.909,3,1,NA,5,5,0,0,1,2,2,2,2,0,0,0,0,0,0,0,3,0.230769231915474,84121.9310304414,11.3400230407715,0.773899972438812,1,1,0,0,0"
"Ghana,""GHA"",7,2019,0.719,3,1,NA,4,4,0,1,0,2,2,2,2,0,0,0,0,0,0,0,1,0.0769230797886848,2167.91158941087,7.68151950836182,0.961600065231323,1,0,0,0,0"
"South Africa,""ZAF"",8,2019,0.708,2,1,NA,4,4,0,1,1,1,1,1,0,0,0,0,0,0,0,0,3,0.230769231915474,6688.78727128797,8.80818748474121,0.847399950027466,1,0,0,0,1"
"Japan,""JPN"",9,2019,0.839,3,1,NA,6,6,0,0,1,1,1,1,1,0,0,0,0,0,0,0,3,0.230769231915474,40458.0018755824,10.6080198287964,0.402999997138977,1,1,0,0,0"
"Burma/Myanmar,""MMR"",10,2019,0.434,1,0,NA,7,6,0,1,0,2,2,2,2,0,0,0,0,0,0,0,1,0.0769230797886848,1295.2014475589,7.16642141342163,1,1,0,0,0,0"
"Russia,""RUS"",11,2019,0.267,1,0,NA,1,1,0,1,1,1,0,1,1,0,0,0,0,0,0,0,3,0.230769231915474,11536.2509765625,9.35324954986572,0.846999943256378,1,0,1,0,0"
"Albania,""ALB"",12,2019,0.486,1,1,NA,1,1,0,1,0,2,2,2,2,0,0,0,1,1,1,1,5,0.384615391492844,5396.21586434732,8.5934534072876,0.998600006103516,1,0,0,0,0"
"Egypt,""EGY"",13,2019,0.173,1,0,NA,3,3,0,1,0,2,2,2,2,0,0,0,0,0,0,0,1,0.0769230797886848,2869.57658843903,7.9619197845459,1,1,0,0,0,0"
"Yemen,""YEM"",14,2019,0.119,0,0,NA,3,3,0,1,0,2,2,2,2,0,0,0,0,0,0,0,1,0.0769230797886848,NA,NA,1,1,0,0,0,0"
"Colombia,""COL"",15,2019,0.649,2,1,NA,2,2,0,1,1,0,0,0,0,0,0,0,0,0,0,0,5,0.384615391492844,6438.06018290435,8.76998233795166,0.933099985122681,1,0,1,1,1"
"Poland,""POL"",17,2019,0.688,2,1,NA,1,1,0,0,0,2,2,2,2,0,0,0,0,0,0,0,2,0.15384615957737,15699.9113500703,9.66141033172607,0.928700029850006,1,1,0,0,0"
"Brazil,""BRA"",19,2019,0.689,2,1,NA,2,2,0,0,1,0,0,0,0,0,0,0,0,0,0,0,6,0.461538463830948,8845.25911841876,9.08763694763184,0.91650003194809,1,1,1,1,1"
"United States of America,""USA"",20,2019,0.8,3,1,7,5,5,0,1,0,2,2,2,2,0,0,0,0,0,0,0,1,0.0769230797886848,65120.3946628653,11.0839929580688,0.816200017929077,1,0,0,0,0"
"Portugal,""PRT"",21,2019,0.89,3,1,NA,5,5,0,0,1,0,0,0,0,0,1,0,1,1,1,0,10,0.769230782985687,23330.817288932,10.0575304031372,0.915100038051605,1,1,1,1,1"
"El Salvador,""SLV"",22,2019,0.626,2,1,NA,2,2,0,1,0,2,2,2,2,0,0,0,0,0,0,0,1,0.0769230797886848,4280.28840404719,8.36177539825439,0.888199985027313,1,0,0,0,0"
"Bangladesh,""BGD"",24,2019,0.25,1,0,NA,8,6,0,1,1,2,2,2,2,1,0,0,0,0,0,0,3,0.230769231915474,2122.07885124799,7.66015148162842,1,1,0,0,0,0"
"Bolivia,""BOL"",25,2019,0.484,1,1,NA,2,2,0,1,1,1,0,1,1,0,1,1,1,1,1,1,9,0.692307710647583,3472.38083075685,8.15259552001953,0.958999991416931,1,0,1,0,0"
"Haiti,""HTI"",26,2019,0.407,1,0,NA,2,2,0,0,0,2,2,2,2,0,0,0,0,0,0,0,2,0.15384615957737,1324.84400548618,7.18905019760132,0.893099963665009,1,1,0,0,0"
"Honduras,""HND"",27,2019,0.374,1,0,NA,2,2,0,1,0,2,2,2,2,0,1,0,0,0,0,0,2,0.15384615957737,2519.37019370185,7.83176422119141,0.894999980926514,1,0,0,0,0"
"Mali,""MLI"",28,2019,0.523,2,0,NA,4,4,0,1,0,2,2,2,2,0,0,0,0,0,0,0,1,0.0769230797886848,840.175765032737,6.73361110687256,1,1,0,0,0,0"
"Pakistan,""PAK"",29,2019,0.372,1,0,NA,8,6,0,1,1,0,0,0,0,1,1,0,1,1,1,1,11,0.846153855323792,1437.16590678288,7.27042818069458,1,1,0,1,1,1"
"Peru,""PER"",30,2019,0.797,2,1,NA,2,2,0,1,0,2,2,2,2,0,0,0,0,0,0,0,1,0.0769230797886848,6955.80995882668,8.84733295440674,0.969100058078766,1,0,0,0,0"
"Senegal,""SEN"",31,2019,0.733,2,1,NA,4,4,0,1,0,2,2,2,2,0,0,0,0,0,0,0,1,0.0769230797886848,1462.35433280275,7.28780317306519,1,1,0,0,0,0"
"South Sudan,""SSD"",32,2019,0.165,0,0,NA,4,4,1,1,0,2,2,2,2,0,0,0,0,0,0,0,0,0,NA,NA,1,0,0,0,0,0"
"Sudan,""SDN"",33,2019,0.222,1,NA,NA,4,4,0,1,0,2,2,2,2,0,0,0,0,0,0,0,1,0.0769230797886848,748.010925292969,6.61741781234741,0.990000009536743,1,0,0,0,0"
"Vietnam,""VNM"",34,2019,0.149,0,0,NA,7,6,0,0,1,2,2,2,2,0,0,0,0,0,0,0,3,0.230769231915474,3491.09127354876,8.15796947479248,0.701299965381622,1,1,0,0,0"
"Afghanistan,""AFG"",36,2019,0.353,1,0,NA,8,6,0,1,0,2,2,2,2,0,0,0,0,0,0,0,1,0.0769230797886848,500.522664145294,6.21565294265747,1,1,0,0,0,0"
"Argentina,""ARG"",37,2019,0.771,2,1,NA,2,2,0,1,1,0,0,0,0,0,0,0,0,0,0,0,5,0.384615391492844,9963.6725062053,9.20670127868652,0.878899991512299,1,0,1,1,1"
"Ethiopia,""ETH"",38,2019,0.331,1,0,NA,4,4,0,1,0,2,2,2,2,0,0,0,0,0,0,0,1,0.0769230797886848,840.449451464836,6.73393678665161,1,1,0,0,0,0"
"India,""IND"",39,2019,0.436,1,1,NA,8,6,0,1,1,2,2,2,2,1,1,0,0,0,0,0,4,0.307692319154739,2047.23270433512,7.62424421310425,1,1,0,0,0,0"
"Kenya,""KEN"",40,2019,0.463,1,1,NA,4,4,0,1,0,2,2,2,2,0,0,0,0,0,0,0,1,0.0769230797886848,1970.10514317888,7.58584213256836,0.97680002450943,1,0,0,0,0"
"North Korea,""PRK"",41,2019,0.086,0,0,NA,6,6,0,1,0,2,2,2,2,0,0,0,0,0,0,0,1,0.0769230797886848,NA,NA,0.287000000476837,1,0,0,0,0"
"South Korea,""KOR"",42,2019,0.851,3,1,NA,6,6,0,1,1,1,1,2,2,0,0,0,0,0,0,0,2,0.15384615957737,31902.4169048194,10.370436668396,0.534199953079224,1,0,0,0,0"
"Kosovo,""XKX"",43,2019,0.635,2,NA,NA,1,1,0,0,0,2,2,2,2,0,1,0,1,1,1,1,7,0.538461565971375,4416.10835754636,8.3930139541626,1,1,1,0,0,0"
"Lebanon,""LBN"",44,2019,0.431,1,0,NA,3,3,1,1,0,2,2,2,2,0,0,0,0,0,0,0,0,0,8985.57249887356,9.10337543487549,1,0,0,0,0,0"
"Nigeria,""NGA"",45,2019,0.529,2,1,NA,4,4,1,1,0,2,2,2,2,0,0,0,0,0,0,0,0,0,2204.18157415589,7.69811153411865,1,0,0,0,0,0"
"Philippines,""PHL"",46,2019,0.454,1,1,NA,7,6,0,1,0,2,2,2,2,0,0,0,0,0,0,0,1,0.0769230797886848,3413.84792378255,8.13559532165527,1,1,0,0,0,0"
"Tanzania,""TZA"",47,2019,0.396,1,0,NA,4,4,0,1,0,2,2,2,2,0,0,0,0,0,0,0,1,0.0769230797886848,1052.02172851563,6.95846891403198,0.984200000762939,1,0,0,0,0"
"Thailand,""THA"",49,2019,0.207,0,0,NA,7,6,0,1,0,2,2,2,2,0,1,0,0,0,0,0,2,0.15384615957737,7630.03960991873,8.93984794616699,1,1,0,0,0,0"
"Uganda,""UGA"",50,2019,0.297,1,0,NA,4,4,0,1,0,2,2,2,2,0,0,0,0,0,0,0,1,0.0769230797886848,823.138950454868,6.71312522888184,1,1,0,0,0,0"
"Venezuela,""VEN"",51,2019,0.209,1,0,NA,2,2,0,1,0,2,2,2,2,0,0,0,0,0,0,0,1,0.0769230797886848,NA,NA,0.902699947357178,1,0,0,0,0"
"Benin,""BEN"",52,2019,0.473,1,0,NA,4,4,0,1,0,2,2,2,2,0,0,0,0,0,0,0,1,0.0769230797886848,1170.96553298099,7.0655837059021,0.948199987411499,1,0,0,0,0"
"Bhutan,""BTN"",53,2019,0.595,2,0,NA,8,6,0,1,0,2,2,2,2,0,0,0,0,0,0,0,1,0.0769230797886848,3303.96421053812,8.10287857055664,1,1,0,0,0,0"
"Burkina Faso,""BFA"",54,2019,0.667,2,1,NA,4,4,0,1,0,2,2,2,2,0,0,0,0,0,0,0,1,0.0769230797886848,772.166894917835,6.64920091629028,1,1,0,0,0,0"
"Cambodia,""KHM"",55,2019,0.195,1,0,NA,7,6,0,1,0,2,2,2,2,0,0,0,0,0,0,0,1,0.0769230797886848,1671.38538492515,7.42140817642212,1,1,0,0,0,0"
"Indonesia,""IDN"",56,2019,0.609,2,1,NA,7,6,1,1,0,2,2,2,2,0,0,0,0,0,0,0,0,0,4151.22754296453,8.3311595916748,1,0,0,0,0,0"
"Mozambique,""MOZ"",57,2019,0.396,1,0,NA,4,4,0,0,0,2,2,2,2,0,0,0,0,0,0,0,2,0.15384615957737,508.163674567861,6.23080348968506,0.826399981975555,1,1,0,0,0"
"Nepal,""NPL"",58,2019,0.595,2,1,NA,8,6,0,1,1,2,2,2,2,1,0,0,0,0,0,0,3,0.230769231915474,1185.68267540752,7.07807397842407,1,1,0,0,0,0"
"Nicaragua,""NIC"",59,2019,0.221,1,0,NA,2,2,0,0,0,2,2,2,2,0,0,0,0,0,0,0,2,0.15384615957737,1890.27306467363,7.54447650909424,0.870500028133392,1,1,0,0,0"
"Niger,""NER"",60,2019,0.534,2,0,NA,4,4,0,0,0,2,2,2,2,0,0,0,0,0,0,0,2,0.15384615957737,550.963555536013,6.31166887283325,1,1,1,0,0,0"
"Zambia,""ZMB"",61,2019,0.338,1,1,NA,4,4,0,1,0,2,2,2,2,0,0,0,0,0,0,0,1,0.0769230797886848,1268.12094056241,7.14529132843018,1,1,0,0,0,0"
"Zimbabwe,""ZWE"",62,2019,0.293,1,0,NA,4,4,0,1,0,2,2,2,2,0,0,0,0,0,0,0,1,0.0769230797886848,1421.86859641758,7.25972700119019,0.923700034618378,1,0,0,0,0"
"Guinea,""GIN"",63,2019,0.353,1,0,NA,4,4,0,1,0,2,2,2,2,0,0,0,0,0,0,0,1,0.0769230797886848,1043.8998820932,6.95071887969971,0.98199999332428,1,0,0,0,0"
"Ivory Coast,""CIV"",64,2019,0.55,2,0,NA,4,4,0,1,0,2,2,2,2,0,0,0,0,0,0,0,1,0.0769230797886848,2238.81100489009,7.71370029449463,0.919100046157837,1,0,0,0,0"
"Mauritania,""MRT"",65,2019,0.41,1,0,NA,4,4,0,1,0,2,2,2,2,0,0,0,0,0,0,0,1,0.0769230797886848,1839.964449578,7.51750135421753,1,1,0,0,0,0"
"Canada,""CAN"",66,2019,0.858,3,1,NA,5,5,0,0,0,2,2,2,2,0,1,0,1,0,1,1,6,0.461538463830948,46328.6718408497,10.7435159683228,0.755800008773804,1,1,0,0,0"
"Australia,""AUS"",67,2019,0.836,3,1,NA,5,5,0,0,0,2,2,2,2,0,1,0,1,1,1,1,7,0.538461565971375,54941.4341793948,10.914023399353,0.718399941921234,1,1,0,0,0"
"Botswana,""BWA"",68,2019,0.658,3,1,NA,4,4,0,1,1,2,2,2,2,0,0,0,0,0,0,0,2,0.15384615957737,6679.16767381458,8.80674839019775,0.821900010108948,1,0,0,0,0"
"Burundi,""BDI"",69,2019,0.159,1,0,NA,4,4,0,1,0,2,2,2,2,0,0,0,0,0,0,0,1,0.0769230797886848,216.972968085123,5.37977266311646,1,1,0,0,0,0"
"Cape Verde,""CPV"",70,2019,0.789,2,1,NA,4,4,0,0,0,2,2,2,2,0,0,0,0,0,0,0,2,0.15384615957737,3434.56274492859,8.14164447784424,0.909899950027466,1,1,0,0,0"
"Central African Republic,""CAF"",71,2019,0.385,1,0,NA,4,4,0,1,0,2,2,2,2,0,0,0,0,0,0,0,1,0.0769230797886848,426.408762581226,6.05539846420288,0.999000012874603,1,0,0,0,0"
"Chile,""CHL"",72,2019,0.824,2,1,NA,2,2,0,1,1,1,0,0,1,0,1,0,1,0,0,0,6,0.461538463830948,14631.9468779229,9.59096240997314,0.904100060462952,1,0,1,1,0"
"Costa Rica,""CRI"",73,2019,0.899,3,1,NA,2,2,0,0,1,0,0,0,0,0,0,0,0,0,0,0,6,0.461538463830948,12669.341068679,9.44694042205811,0.920100033283234,1,1,1,1,1"
"Timor-Leste,""TLS"",74,2019,0.689,2,1,NA,7,6,0,0,0,2,2,2,2,0,0,0,0,0,0,0,2,0.15384615957737,1584.26384378261,7.36787509918213,1,1,1,0,0,0"
"Ecuador,""ECU"",75,2019,0.625,2,1,NA,2,2,0,1,1,0,0,0,0,0,0,1,0,0,0,0,6,0.461538463830948,6233.25816692363,8.73765468597412,0.944100022315979,1,0,1,1,1"
"France,""FRA"",76,2019,0.877,3,1,NA,5,5,0,0,1,0,0,0,0,0,1,0,1,1,1,1,11,0.846153855323792,40494.8982936276,10.6089315414429,0.684899985790253,1,1,1,1,1"
"Germany,""DEU"",77,2019,0.879,3,1,NA,5,5,0,0,1,1,0,1,0,0,1,0,1,1,1,1,10,0.769230782985687,46793.6867616004,10.7535037994385,0.738600015640259,1,1,1,0,1"
"Guatemala,""GTM"",78,2019,0.564,2,1,NA,2,2,0,1,0,2,2,2,2,0,0,0,0,0,0,0,1,0.0769230797886848,4647.69334663252,8.44412612915039,0.960799992084503,1,0,0,0,0"
"Iran,""IRN"",79,2019,0.206,1,0,NA,3,3,0,1,1,1,1,1,1,0,0,0,0,0,0,0,2,0.15384615957737,3277.875595507,8.09495067596436,1,1,0,0,0,0"
"Iraq,""IRQ"",80,2019,0.385,1,0,NA,3,3,0,1,0,2,2,2,2,0,0,0,0,0,0,0,1,0.0769230797886848,5621.18169491752,8.63429737091064,1,1,0,0,0,0"
"Ireland,""IRL"",81,2019,0.888,3,1,NA,5,5,0,0,1,0,0,0,0,0,0,0,0,0,0,0,6,0.461538463830948,80927.0746710666,11.3013038635254,0.922699987888336,1,1,1,1,1"
"Italy,""ITA"",82,2019,0.856,3,1,NA,5,5,0,0,1,1,1,1,1,0,0,0,0,0,0,0,3,0.230769231915474,33673.7509627421,10.4244737625122,0.866999983787537,1,1,0,0,0"
"Jordan,""JOR"",83,2019,0.262,0,0,NA,3,3,1,1,0,2,2,2,2,0,0,0,0,0,0,0,0,0,4205.56365350106,8.34416389465332,1,0,0,0,0,0"
"Latvia,""LVA"",84,2019,0.831,3,1,NA,1,1,0,0,1,2,2,2,2,0,0,0,0,0,0,0,3,0.230769231915474,17945.2222164984,9.79507923126221,0.548500001430511,1,1,0,0,0"
"Lesotho,""LSO"",85,2019,0.629,2,1,NA,4,4,0,1,0,2,2,2,2,0,0,0,0,0,0,0,1,0.0769230797886848,1102.56486953249,7.00539445877075,0.971699953079224,1,0,0,0,0"
"Liberia,""LBR"",86,2019,0.627,2,1,NA,4,4,0,1,0,2,2,2,2,0,0,0,0,0,0,0,1,0.0769230797886848,665.878447568436,6.50110721588135,0.986000001430511,1,0,0,0,0"
"Malawi,""MWI"",87,2019,0.479,1,1,NA,4,4,1,1,0,2,2,2,2,0,0,0,0,0,0,0,0,0,584.362867276266,6.37052202224731,0.979499995708466,0,0,0,0,0"
"Maldives,""MDV"",88,2019,0.594,2,0,NA,8,6,0,1,0,2,2,2,2,0,0,0,0,0,0,0,1,0.0769230797886848,11118.5565375032,9.31637096405029,1,1,0,0,0,0"
"Mongolia,""MNG"",89,2019,0.655,2,1,NA,1,1,0,1,1,1,1,1,1,0,0,0,0,0,0,0,2,0.15384615957737,4394.94714713374,8.38821125030518,0.635600030422211,1,0,0,0,0"
"Morocco,""MAR"",90,2019,0.261,0,0,NA,3,3,0,1,0,2,2,2,2,0,0,0,0,0,0,0,1,0.0769230797886848,3498.57397460938,8.16011047363281,1,1,0,0,0,0"
"Netherlands,""NLD"",91,2019,0.871,3,1,NA,5,5,0,0,1,1,0,1,0,0,1,0,1,1,1,1,10,0.769230782985687,52476.2732533327,10.8681163787842,0.55919998884201,1,1,1,0,1"
"Panama,""PAN"",92,2019,0.734,2,1,NA,2,2,0,0,1,1,1,2,1,0,0,0,0,0,0,0,3,0.230769231915474,15826.0823544866,9.66941452026367,0.950199961662292,1,1,0,0,0"
"Papua New Guinea,""PNG"",93,2019,0.435,1,1,NA,9,6,0,1,0,2,2,2,2,0,0,0,0,0,0,0,1,0.0769230797886848,2593.80465015989,7.86088085174561,1,1,0,0,0,0"
"Qatar,""QAT"",94,2019,0.041,0,0,NA,3,3,0,1,0,2,2,2,2,0,0,0,0,0,0,0,1,0.0769230797886848,62637.2751084291,11.0451154708862,1,1,0,0,0,0"
"Sierra Leone,""SLE"",95,2019,0.55,2,1,NA,4,4,0,1,0,2,2,2,2,0,0,0,0,0,0,0,1,0.0769230797886848,506.606894364098,6.22773551940918,1,1,0,0,0,0"
"Spain,""ESP"",96,2019,0.875,3,1,NA,5,5,0,0,1,1,1,1,0,0,0,0,0,0,0,0,4,0.307692319154739,29581.5185513299,10.2949047088623,0.791999995708466,1,1,0,0,1"
"Syria,""SYR"",97,2019,0.138,0,0,NA,3,3,0,1,0,2,2,2,2,0,0,0,0,0,0,0,1,0.0769230797886848,1116.67924613649,7.01811456680298,0.980000019073486,1,0,0,0,0"
"Tunisia,""TUN"",98,2019,0.722,2,1,NA,3,3,0,1,0,2,2,2,2,0,0,0,0,0,0,0,1,0.0769230797886848,3477.88377711232,8.15417957305908,1,1,0,0,0,0"
"Turkey,""TUR"",99,2019,0.288,1,0,NA,3,3,0,1,1,1,1,1,1,0,0,0,0,0,0,0,2,0.15384615957737,9103.04337531894,9.11636447906494,0.98800003528595,1,0,0,0,0"
"Ukraine,""UKR"",100,2019,0.499,1,1,NA,1,1,0,1,1,1,1,1,0,0,0,0,1,0,0,0,4,0.307692319154739,3661.45629882813,8.20561599731445,0.87279999256134,1,0,0,0,1"
"United Kingdom,""GBR"",101,2019,0.86,3,1,NA,5,5,0,0,1,1,0,1,1,0,1,0,1,1,1,1,9,0.692307710647583,42747.080460496,10.6630563735962,0.691399991512299,1,1,1,0,0"
"Uruguay,""URY"",102,2019,0.89,3,1,NA,2,2,0,0,1,0,0,0,0,1,1,0,1,1,1,1,12,0.923076927661896,17859.9314960921,9.79031467437744,0.585799992084503,1,1,1,1,1"
"Algeria,""DZA"",103,2019,0.287,1,0,NA,3,3,0,1,0,2,2,2,2,0,0,0,0,0,0,0,1,0.0769230797886848,4022.15018374716,8.2995719909668,0.98199999332428,1,0,0,0,0"
"Angola,""AGO"",104,2019,0.365,1,0,NA,4,4,0,1,0,2,2,2,2,0,0,0,0,0,0,0,1,0.0769230797886848,2142.23875712854,7.66960668563843,0.948099970817566,1,0,0,0,0"
"Armenia,""ARM"",105,2019,0.799,2,1,NA,1,1,0,1,0,2,2,2,2,0,0,0,0,0,0,0,1,0.0769230797886848,4828.50517771789,8.48229217529297,0.986999988555908,1,0,0,0,0"
"Azerbaijan,""AZE"",106,2019,0.193,1,0,NA,1,1,0,1,0,2,2,2,2,0,0,0,0,0,0,0,1,0.0769230797886848,4805.75371765917,8.47756958007812,1,1,0,0,0,0"
"Belarus,""BLR"",107,2019,0.263,1,0,NA,1,1,0,0,1,1,0,1,1,0,0,0,0,0,0,0,4,0.307692319154739,6837.71782606351,8.83020973205566,0.71399998664856,1,1,1,0,0"
"Cameroon,""CMR"",108,2019,0.283,1,0,NA,4,4,0,1,0,2,2,2,2,0,0,0,0,0,0,0,1,0.0769230797886848,1538.68794663506,7.33868551254272,0.947899997234344,1,0,0,0,0"
"Chad,""TCD"",109,2019,0.274,1,0,NA,4,4,0,1,0,2,2,2,2,0,0,0,0,0,0,0,1,0.0769230797886848,701.621216594764,6.55339384078979,0.975899934768677,1,0,0,0,0"
"China,""CHN"",110,2019,0.076,0,0,NA,6,6,0,1,1,1,1,1,1,0,0,0,0,0,0,0,2,0.15384615957737,10143.8381955585,9.22462177276611,0.481599986553192,1,0,0,0,0"
"Democratic Republic of the Congo,""COD"",111,2019,0.35,1,0,NA,4,4,0,1,0,2,2,2,2,0,0,0,0,0,0,0,1,0.0769230797886848,575.882790805511,6.35590410232544,0.982900023460388,1,0,0,0,0"
"Republic of the Congo,""COG"",112,2019,0.237,1,0,NA,4,4,0,0,0,2,2,2,2,0,0,0,0,0,0,0,2,0.15384615957737,2288.80813763495,7.73578643798828,0.919000029563904,1,1,0,0,0"
"Djibouti,""DJI"",113,2019,0.256,1,0,NA,4,4,0,1,0,2,2,2,2,0,0,0,0,0,0,0,1,0.0769230797886848,2876.04366371536,7.96417093276978,1,1,0,0,0,0"
"Dominican Republic,""DOM"",114,2019,0.543,2,1,NA,2,2,0,1,0,2,2,2,2,0,0,0,0,0,0,0,1,0.0769230797886848,8173.33800656006,9.00863265991211,0.890999972820282,1,0,0,0,0"
"Eritrea,""ERI"",115,2019,0.069,0,0,NA,4,4,0,1,0,2,2,2,2,0,0,0,0,0,0,0,1,0.0769230797886848,NA,NA,1,1,0,0,0,0"
"Gabon,""GAB"",116,2019,0.385,1,0,NA,4,4,0,1,0,2,2,2,2,0,0,0,0,0,0,0,1,0.0769230797886848,7523.8622784598,8.92583465576172,0.943099975585938,1,0,0,0,0"
"The Gambia,""GMB"",117,2019,0.523,2,1,NA,4,4,1,1,0,2,2,2,2,0,0,0,0,0,0,0,0,0,722.874793145171,6.58323621749878,1,0,0,0,0,0"
"Georgia,""GEO"",118,2019,0.638,2,1,NA,1,1,0,1,0,2,2,2,2,0,1,0,1,1,1,1,6,0.461538463830948,4696.15058555612,8.45449829101562,1,1,0,0,0,0"
"Guinea-Bissau,""GNB"",119,2019,0.523,2,0,NA,4,4,0,0,0,2,2,2,2,0,0,0,0,0,0,0,2,0.15384615957737,730.611448705215,6.59388160705566,0.956099987030029,1,1,0,0,0"
"Jamaica,""JAM"",120,2019,0.815,3,1,NA,10,2,0,1,0,2,2,2,2,0,0,0,0,0,0,0,1,0.0769230797886848,5626.17117652759,8.6351842880249,0.829800009727478,1,0,0,0,0"
"Kazakhstan,""KAZ"",121,2019,0.24,1,0,NA,1,1,0,0,1,1,1,1,1,0,0,0,0,0,0,0,3,0.230769231915474,9812.5958082732,9.19142246246338,0.959800004959106,1,1,0,0,0"
"Kyrgyzstan,""KGZ"",122,2019,0.437,1,0,NA,1,1,0,1,1,1,0,1,1,0,0,0,0,0,0,0,3,0.230769231915474,1374.03210467421,7.22550487518311,1,1,0,1,0,0"
"Laos,""LAO"",123,2019,0.129,0,0,NA,7,6,0,0,0,2,2,2,2,0,0,0,0,0,0,0,2,0.15384615957737,2598.50552320723,7.86269187927246,1,1,1,0,0,0"
"Libya,""LBY"",124,2019,0.27,0,0,NA,3,3,0,1,0,2,2,2,2,0,0,0,0,0,0,0,1,0.0769230797886848,10542.1492864798,9.2631368637085,1,1,0,0,0,0"
"Madagascar,""MDG"",125,2019,0.497,1,1,NA,4,4,0,0,0,2,2,2,2,0,0,0,0,0,0,0,2,0.15384615957737,512.279659659088,6.23887062072754,0.92739999294281,1,1,0,0,0"
"Moldova,""MDA"",126,2019,0.608,2,1,NA,1,1,0,0,0,2,2,2,2,0,0,0,0,0,0,0,2,0.15384615957737,4493.37030323867,8.41035842895508,0.98690003156662,1,1,0,0,0"
"Namibia,""NAM"",127,2019,0.662,2,1,NA,4,4,0,1,1,1,1,2,1,0,0,0,0,0,0,0,2,0.15384615957737,5126.17614357634,8.54211521148682,0.981000006198883,1,0,0,0,0"
"Rwanda,""RWA"",129,2019,0.235,1,0,NA,4,4,0,1,0,2,2,2,2,0,0,0,0,0,0,0,1,0.0769230797886848,806.879981050775,6.69317483901978,0.96940004825592,1,0,0,0,0"
"Somalia,""SOM"",130,2019,0.157,0,0,NA,4,4,0,1,0,2,2,2,2,0,0,0,0,0,0,0,1,0.0769230797886848,405.786763279583,6.00582790374756,1,1,0,0,0,0"
"Sri Lanka,""LKA"",131,2019,0.563,2,1,NA,8,6,0,1,0,2,2,2,2,0,0,0,0,0,0,0,1,0.0769230797886848,4082.69461963515,8.31451225280762,1,1,0,0,0,0"
"Eswatini,""SWZ"",132,2019,0.133,0,0,NA,4,4,0,1,0,2,2,2,2,0,0,0,0,0,0,0,1,0.0769230797886848,3843.3773913814,8.25410652160645,0.905299961566925,1,0,0,0,0"
"Tajikistan,""TJK"",133,2019,0.166,1,0,NA,1,1,0,1,0,2,2,2,2,0,0,0,0,0,0,0,1,0.0769230797886848,889.02026237745,6.79012012481689,0.985000014305115,1,0,0,0,0"
"Togo,""TGO"",134,2019,0.413,1,0,NA,4,4,0,1,0,2,2,2,2,0,0,0,0,0,0,0,1,0.0769230797886848,875.932659234798,6.7752890586853,0.938000023365021,1,0,0,0,0"
"Trinidad and Tobago,""TTO"",135,2019,0.748,3,1,NA,10,2,0,0,0,2,2,2,2,0,0,0,0,0,0,0,2,0.15384615957737,15690.9630955493,9.66084003448486,0.981900036334991,1,1,0,0,0"
"Turkmenistan,""TKM"",136,2019,0.15,1,0,NA,1,1,0,1,0,2,2,2,2,0,0,0,0,0,0,0,1,0.0769230797886848,7344.64823305792,8.90172672271729,1,1,0,0,0,0"
"Uzbekistan,""UZB"",140,2019,0.204,1,0,NA,1,1,0,1,1,2,2,2,2,0,0,0,0,0,0,0,2,0.15384615957737,1784.00981608195,7.4866189956665,1,1,0,0,0,0"
"Austria,""AUT"",144,2019,0.848,3,1,NA,5,5,0,0,1,2,2,2,2,0,0,0,0,0,0,0,3,0.230769231915474,50070.4033482901,10.8211851119995,0.856000006198883,1,1,0,0,0"
"Bahrain,""BHR"",146,2019,0.117,0,0,NA,3,3,0,1,0,2,2,2,2,0,0,0,0,0,0,0,1,0.0769230797886848,25869.1129129041,10.1608047485352,0.980100035667419,1,0,0,0,0"
"Barbados,""BRB"",147,2019,0.787,3,1,NA,10,2,0,1,0,2,2,2,2,0,0,0,0,0,0,0,1,0.0769230797886848,19002.9623813263,9.85235023498535,0.981000006198883,1,0,0,0,0"
"Belgium,""BEL"",148,2019,0.896,3,1,NA,5,5,0,0,1,0,0,0,0,0,1,0,1,1,1,1,11,0.846153855323792,46638.6813054855,10.7501859664917,0.691999971866608,1,1,1,1,1"
"Bosnia and Herzegovina,""BIH"",150,2019,0.531,2,1,NA,1,1,0,0,1,1,1,1,1,0,1,0,1,1,1,1,8,0.615384638309479,6011.37067052755,8.70140838623047,0.975899934768677,1,1,0,0,0"
"Bulgaria,""BGR"",152,2019,0.612,2,1,NA,1,1,0,0,1,2,2,2,2,0,0,0,0,0,0,0,3,0.230769231915474,9879.33434282707,9.19820022583008,0.953499972820282,1,1,0,0,0"
"Comoros,""COM"",153,2019,0.322,1,0,NA,4,4,0,1,0,2,2,2,2,0,0,0,0,0,0,0,1,0.0769230797886848,1510.79735809965,7.32039260864258,1,1,0,0,0,0"
"Croatia,""HRV"",154,2019,0.742,2,1,NA,1,1,0,0,1,1,0,1,1,0,1,0,1,1,1,1,9,0.692307710647583,15331.8830536722,9.6376895904541,0.949000000953674,1,1,1,0,0"
"Cuba,""CUB"",155,2019,0.18,0,0,NA,2,2,0,1,1,1,1,2,1,0,0,1,0,0,0,0,3,0.230769231915474,9139.41585605765,9.12035179138184,0.768199980258942,1,0,0,0,0"
"Cyprus,""CYP"",156,2019,0.841,3,1,NA,5,5,0,NA,0,2,2,2,2,0,0,0,0,0,0,0,1,0.0769230797886848,29417.138671875,10.2893323898315,0.981700003147125,1,NA,0,0,0"
"Czechia,""CZE"",157,2019,0.819,3,1,NA,1,1,0,0,1,1,1,1,1,0,1,0,1,1,1,1,8,0.615384638309479,23664.8478631108,10.0717458724976,0.217999994754791,1,1,0,0,0"
"Denmark,""DNK"",158,2019,0.915,3,1,NA,5,5,0,0,1,0,0,0,0,0,0,0,0,0,0,0,6,0.461538463830948,59592.9806886454,10.9952926635742,0.88019996881485,1,1,1,1,1"
"Equatorial Guinea,""GNQ"",160,2019,0.176,1,0,NA,4,4,0,0,0,2,2,2,2,0,0,0,0,0,0,0,2,0.15384615957737,7317.39018853546,8.89800930023193,0.949999988079071,1,1,0,0,0"
"Estonia,""EST"",161,2019,0.891,3,1,NA,1,1,0,0,1,1,1,1,1,0,0,0,0,0,0,0,3,0.230769231915474,23424.4847073518,10.0615367889404,0.39860001206398,1,1,0,0,0"
"Fiji,""FJI"",162,2019,0.404,1,1,NA,9,6,0,1,0,2,2,2,2,0,0,1,1,0,0,0,3,0.230769231915474,5968.30055949885,8.69421768188477,1,1,0,0,0,0"
"Finland,""FIN"",163,2019,0.875,3,1,NA,5,5,0,0,1,1,1,1,0,0,1,0,1,1,0,0,7,0.538461565971375,48629.8582283032,10.7919931411743,0.793700039386749,1,1,0,0,1"
"Greece,""GRC"",164,2019,0.851,2,1,NA,5,5,0,0,1,1,0,0,1,0,1,0,1,1,1,1,10,0.769230782985687,19144.284387556,9.85975933074951,0.939000010490417,1,1,1,1,0"
"Guyana,""GUY"",166,2019,0.651,2,1,NA,10,2,0,1,0,2,2,2,2,0,0,0,0,0,0,0,1,0.0769230797886848,6477.29672607993,8.77605819702148,0.980000019073486,1,0,0,0,0"
"Iceland,""ISL"",168,2019,0.859,3,1,NA,5,5,0,0,1,0,0,0,0,1,0,0,1,0,0,1,9,0.692307710647583,68853.71521658,11.1397390365601,0.961399972438812,1,1,1,1,1"
"Israel,""ISR"",169,2019,0.708,3,1,NA,3,3,0,0,1,1,1,1,0,0,0,0,0,0,0,0,4,0.307692319154739,44452.2325623093,10.7021703720093,0.96809995174408,1,1,0,0,1"
"Kuwait,""KWT"",171,2019,0.331,0,0,NA,3,3,1,1,0,2,2,2,2,0,0,0,0,0,0,0,0,0,30667.3482202553,10.3309535980225,1,0,0,0,0,0"
"Lithuania,""LTU"",173,2019,0.825,2,1,NA,1,1,0,0,0,2,2,2,2,0,0,0,0,0,0,0,2,0.15384615957737,19595.1415724355,9.88303661346436,0.901799976825714,1,1,0,0,0"
"Luxembourg,""LUX"",174,2019,0.881,3,1,NA,5,5,0,0,1,0,0,0,0,0,1,0,1,1,1,1,11,0.846153855323792,112621.821337404,11.6317911148071,0.732900023460388,1,1,1,1,1"
"North Macedonia,""MKD"",176,2019,0.599,2,1,NA,1,1,0,0,0,2,2,2,2,0,1,0,1,1,1,1,7,0.538461565971375,6070.38805358275,8.71117782592773,0.98690003156662,1,1,0,0,0"
"Malaysia,""MYS"",177,2019,0.472,1,0,NA,7,6,1,1,0,2,2,2,2,0,0,0,0,0,0,0,0,0,11132.0239344924,9.31758117675781,1,0,0,0,0,0"
"Malta,""MLT"",178,2019,0.771,2,1,NA,5,5,0,0,1,0,0,0,0,1,1,1,1,1,0,0,11,0.846153855323792,31198.2414453028,10.3481168746948,0.975000023841858,1,1,1,1,1"
"Mauritius,""MUS"",180,2019,0.714,2,1,NA,4,4,0,1,0,2,2,2,2,0,0,0,0,0,0,0,1,0.0769230797886848,11405.7268191397,9.34187126159668,1,1,0,0,0,0"
"Montenegro,""MNE"",183,2019,0.462,1,1,NA,1,1,0,0,1,1,1,1,1,0,1,0,1,1,1,1,8,0.615384638309479,8909.65333601178,9.09489059448242,0.968899965286255,1,1,0,0,0"
"New Zealand,""NZL"",185,2019,0.895,3,1,NA,5,5,0,0,1,1,1,0,0,0,0,0,0,0,0,0,5,0.384615391492844,42865.233643554,10.6658163070679,0.60699999332428,1,1,0,1,1"
"Norway,""NOR"",186,2019,0.89,3,1,NA,5,5,0,0,1,0,0,0,0,0,1,0,1,1,1,1,11,0.846153855323792,75719.7528965342,11.2347946166992,0.885500013828278,1,1,1,1,1"
"Oman,""OMN"",187,2019,0.176,0,0,NA,3,3,1,1,0,2,2,2,2,0,0,0,0,0,0,0,0,0,19132.1522739094,9.8591251373291,1,0,0,0,0,0"
"Paraguay,""PRY"",189,2019,0.583,2,1,NA,2,2,0,0,0,2,2,2,2,0,0,0,0,0,0,0,2,0.15384615957737,5807.83879407975,8.66696357727051,0.989000022411346,1,1,0,0,0"
"Romania,""ROU"",190,2019,0.75,2,1,NA,1,1,0,0,1,2,2,2,2,0,0,0,0,0,0,0,3,0.230769231915474,12958.0755553785,9.46947479248047,1,1,1,0,0,0"
"Sao Tome and Principe,""STP"",196,2019,0.701,2,1,NA,4,4,0,0,0,2,2,2,2,0,0,0,0,0,0,0,2,0.15384615957737,1991.73826385183,7.59676313400269,0.868600010871887,1,1,0,0,0"
"Saudi Arabia,""SAU"",197,2019,0.016,0,0,NA,3,3,1,1,0,2,2,2,2,0,0,0,0,0,0,0,0,0,22430.238229402,10.0181655883789,1,0,0,0,0,0"
"Serbia,""SRB"",198,2019,0.367,1,1,NA,1,1,0,1,1,1,1,1,1,0,1,0,1,1,1,1,7,0.538461565971375,7417.20364852201,8.9115571975708,0.96699994802475,1,0,0,0,0"
"Seychelles,""SYC"",199,2019,0.623,3,1,NA,4,4,0,0,0,2,2,2,2,0,0,0,0,0,0,0,2,0.15384615957737,17253.5056614424,9.75577068328857,0.97900003194809,1,1,0,0,0"
"Singapore,""SGP"",200,2019,0.402,1,0,NA,7,6,0,1,NA,NA,NA,NA,NA,0,0,0,0,0,0,0,1,0.0769230797886848,65831.1894308765,11.0948486328125,0.835099995136261,1,0,NA,NA,NA"
"Slovakia,""SVK"",201,2019,0.843,3,1,NA,1,1,0,0,1,1,1,1,1,0,1,0,1,1,1,1,8,0.615384638309479,19383.4810445228,9.87217617034912,0.843499958515167,1,1,0,0,0"
"Slovenia,""SVN"",202,2019,0.803,3,1,NA,1,1,0,0,1,1,1,1,1,0,1,0,1,1,1,1,8,0.615384638309479,26016.078683914,10.1664695739746,0.812799990177155,1,1,0,0,0"
"Solomon Islands,""SLB"",203,2019,0.618,2,1,NA,9,6,0,1,0,2,2,2,2,0,0,0,0,0,0,0,1,0.0769230797886848,2398.77275659429,7.78271245956421,1,1,0,0,0,0"
"Vanuatu,""VUT"",206,2019,0.758,2,1,NA,9,6,0,0,0,2,2,2,2,0,0,0,0,0,0,0,2,0.15384615957737,3076.58988588361,8.03157711029053,0.98800003528595,1,1,0,0,0"
"United Arab Emirates,""ARE"",207,2019,0.1,0,0,NA,3,3,1,1,0,2,2,2,2,0,0,0,0,0,0,0,0,0,45376.1708381558,10.7227420806885,0.989000022411346,0,0,0,0,0"
"Hungary,""HUN"",210,2019,0.466,1,1,NA,1,1,0,0,1,1,1,1,1,0,1,0,1,1,1,1,8,0.615384638309479,16782.9524639857,9.72811889648438,0.798700034618378,1,1,0,0,0"
